[
    {
        "question": "کارگردان فیلم فروشنده کیست؟",
        "options": [
            "اصغر فرهادی",
            "سعید روستایی",
            "ابراهیم حاتمی کیا",
            "عباس کیارستمی"
        ],
        "answer": 0,
        "category": "iran",
        "image": "pic\/680418e846a50_forushande.jpg"
    },
    {
        "question": "این تصویر متعلق به کیست؟",
        "options": [
            "رابرت دنیرو",
            "مارلون براندو",
            "دنیل دی لوئیس",
            "کریستوفر نولان"
        ],
        "answer": 2,
        "category": "foreign",
        "image": "pic\/68041c10d3f25_DaleMay_DanielDayLewis_Shot1_0030_Approved.jpg"
    },
    {
        "question": "کارگردان فیلم حرامزاده های لعنتی کیست؟",
        "options": [
            "مارتین اسکورسیزی",
            "فرانسیس فورد کاپولا",
            "کلینت ایستوود",
            "کوئنتین تارانتینو"
        ],
        "answer": 3,
        "category": "foreign",
        "image": "pic\/68041df6dfbfc_dnlwd-fylm-pst-ftrt-hy-lnty-inglourious-basterds-1.jpg"
    },
    {
        "question": "کارگردان فیلم شیرین کیست؟",
        "options": [
            "عباس کیارستمی",
            "ابراهیم حاتمی کیا",
            "اصغر فرهادی",
            "ناصر تقوایی"
        ],
        "answer": 0,
        "category": "iran",
        "image": "pic\/68041f84f35c3_2012012010462647225.jpg"
    },
    {
        "question": "آهنگساز فیلم بانو اثر داریوش مهرجویی کیست؟",
        "options": [
            "بابک بیات",
            "ناصر چشم آذر",
            "آریا عظیمی نژاد",
            "مجید انتظامی"
        ],
        "answer": 1,
        "category": "iran",
        "image": "pic\/6804218f89e5c_71539_ac-image-3j1635319460mb.4ac18b.jpeg"
    },
    {
        "question": "اولین فیلم ناطق سینمای ایران کدام است؟",
        "options": [
            "گاو",
            "آبی و رابی",
            "دختر لر",
            "سکوت"
        ],
        "answer": 2,
        "category": "iran",
        "image": ""
    },
    {
        "question": "مجید مجیدی کارگردان کدامیک از فیلم های زیر نیست؟",
        "options": [
            "رنگ خدا",
            "آواز گنجشک ها",
            "طعم گیلاس",
            "بید مجنون"
        ],
        "answer": 2,
        "category": "iran",
        "image": "pic\/6804255ca1d5c_download.jpeg"
    },
    {
        "question": "تمامی بازیگران زیر در نقش جوکر ظاهر شده اند، بجز:",
        "options": [
            "واکین فینیکس",
            "کریستین بیل",
            "هیث لجر",
            "جرد لتو"
        ],
        "answer": 1,
        "category": "foreign",
        "image": "pic\/680426dd2547a_images.jpeg"
    },
    {
        "question": "تصویر متعلق به کدام بازیگر است؟",
        "options": [
            "چادویک بوزمن",
            "جیمز دین",
            "آنتون یلچین",
            "جاناتان برندیس"
        ],
        "answer": 1,
        "category": "foreign",
        "image": "pic\/68042aaea9d4e_James-Dean-1.jpg"
    }
]